Document,Title,Book,Author,URL,Classification,Language
1CO-1-ENGNIV.txt,1 Corinthians 1,New Testament (New International Version),,live.bible.is/ENGNIV/1CO/1,Religious,English
1CO-1-KJBSBG.txt,1 Corintios 1,New Testament (1989 Kanjobal Edition),,live.bible.is/KJBSBG/1CO/1,Religious,Kanjobal
1CO-10-ENGNIV.txt,1 Corinthians 10,New Testament (New International Version),,live.bible.is/ENGNIV/1CO/10,Religious,English
1CO-10-KJBSBG.txt,1 Corintios 10,New Testament (1989 Kanjobal Edition),,live.bible.is/KJBSBG/1CO/10,Religious,Kanjobal
1CO-11-ENGNIV.txt,1 Corinthians 11,New Testament (New International Version),,live.bible.is/ENGNIV/1CO/11,Religious,English
1CO-11-KJBSBG.txt,1 Corintios 11,New Testament (1989 Kanjobal Edition),,live.bible.is/KJBSBG/1CO/11,Religious,Kanjobal
1CO-12-ENGNIV.txt,1 Corinthians 12,New Testament (New International Version),,live.bible.is/ENGNIV/1CO/12,Religious,English
1CO-12-KJBSBG.txt,1 Corintios 12,New Testament (1989 Kanjobal Edition),,live.bible.is/KJBSBG/1CO/12,Religious,Kanjobal
1CO-13-ENGNIV.txt,1 Corinthians 13,New Testament (New International Version),,live.bible.is/ENGNIV/1CO/13,Religious,English
1CO-13-KJBSBG.txt,1 Corintios 13,New Testament (1989 Kanjobal Edition),,live.bible.is/KJBSBG/1CO/13,Religious,Kanjobal
1CO-14-ENGNIV.txt,1 Corinthians 14,New Testament (New International Version),,live.bible.is/ENGNIV/1CO/14,Religious,English
1CO-14-KJBSBG.txt,1 Corintios 14,New Testament (1989 Kanjobal Edition),,live.bible.is/KJBSBG/1CO/14,Religious,Kanjobal
1CO-15-ENGNIV.txt,1 Corinthians 15,New Testament (New International Version),,live.bible.is/ENGNIV/1CO/15,Religious,English
1CO-15-KJBSBG.txt,1 Corintios 15,New Testament (1989 Kanjobal Edition),,live.bible.is/KJBSBG/1CO/15,Religious,Kanjobal
1CO-16-ENGNIV.txt,1 Corinthians 16,New Testament (New International Version),,live.bible.is/ENGNIV/1CO/16,Religious,English
1CO-16-KJBSBG.txt,1 Corintios 16,New Testament (1989 Kanjobal Edition),,live.bible.is/KJBSBG/1CO/16,Religious,Kanjobal
1CO-2-ENGNIV.txt,1 Corinthians 2,New Testament (New International Version),,live.bible.is/ENGNIV/1CO/2,Religious,English
1CO-2-KJBSBG.txt,1 Corintios 2,New Testament (1989 Kanjobal Edition),,live.bible.is/KJBSBG/1CO/2,Religious,Kanjobal
1CO-3-ENGNIV.txt,1 Corinthians 3,New Testament (New International Version),,live.bible.is/ENGNIV/1CO/3,Religious,English
1CO-3-KJBSBG.txt,1 Corintios 3,New Testament (1989 Kanjobal Edition),,live.bible.is/KJBSBG/1CO/3,Religious,Kanjobal
1CO-4-ENGNIV.txt,1 Corinthians 4,New Testament (New International Version),,live.bible.is/ENGNIV/1CO/4,Religious,English
1CO-4-KJBSBG.txt,1 Corintios 4,New Testament (1989 Kanjobal Edition),,live.bible.is/KJBSBG/1CO/4,Religious,Kanjobal
1CO-5-ENGNIV.txt,1 Corinthians 5,New Testament (New International Version),,live.bible.is/ENGNIV/1CO/5,Religious,English
1CO-5-KJBSBG.txt,1 Corintios 5,New Testament (1989 Kanjobal Edition),,live.bible.is/KJBSBG/1CO/5,Religious,Kanjobal
1CO-6-ENGNIV.txt,1 Corinthians 6,New Testament (New International Version),,live.bible.is/ENGNIV/1CO/6,Religious,English
1CO-6-KJBSBG.txt,1 Corintios 6,New Testament (1989 Kanjobal Edition),,live.bible.is/KJBSBG/1CO/6,Religious,Kanjobal
1CO-7-ENGNIV.txt,1 Corinthians 7,New Testament (New International Version),,live.bible.is/ENGNIV/1CO/7,Religious,English
1CO-7-KJBSBG.txt,1 Corintios 7,New Testament (1989 Kanjobal Edition),,live.bible.is/KJBSBG/1CO/7,Religious,Kanjobal
1CO-8-ENGNIV.txt,1 Corinthians 8,New Testament (New International Version),,live.bible.is/ENGNIV/1CO/8,Religious,English
1CO-8-KJBSBG.txt,1 Corintios 8,New Testament (1989 Kanjobal Edition),,live.bible.is/KJBSBG/1CO/8,Religious,Kanjobal
1CO-9-ENGNIV.txt,1 Corinthians 9,New Testament (New International Version),,live.bible.is/ENGNIV/1CO/9,Religious,English
1CO-9-KJBSBG.txt,1 Corintios 9,New Testament (1989 Kanjobal Edition),,live.bible.is/KJBSBG/1CO/9,Religious,Kanjobal
1JN-1-ENGNIV.txt,1 John 1,New Testament (New International Version),,live.bible.is/ENGNIV/1JN/1,Religious,English
1JN-1-KJBSBG.txt,1 San Juan 1,New Testament (1989 Kanjobal Edition),,live.bible.is/KJBSBG/1JN/1,Religious,Kanjobal
1JN-2-ENGNIV.txt,1 John 2,New Testament (New International Version),,live.bible.is/ENGNIV/1JN/2,Religious,English
1JN-2-KJBSBG.txt,1 San Juan 2,New Testament (1989 Kanjobal Edition),,live.bible.is/KJBSBG/1JN/2,Religious,Kanjobal
1JN-3-ENGNIV.txt,1 John 3,New Testament (New International Version),,live.bible.is/ENGNIV/1JN/3,Religious,English
1JN-3-KJBSBG.txt,1 San Juan 3,New Testament (1989 Kanjobal Edition),,live.bible.is/KJBSBG/1JN/3,Religious,Kanjobal
1JN-4-ENGNIV.txt,1 John 4,New Testament (New International Version),,live.bible.is/ENGNIV/1JN/4,Religious,English
1JN-4-KJBSBG.txt,1 San Juan 4,New Testament (1989 Kanjobal Edition),,live.bible.is/KJBSBG/1JN/4,Religious,Kanjobal
1JN-5-ENGNIV.txt,1 John 5,New Testament (New International Version),,live.bible.is/ENGNIV/1JN/5,Religious,English
1JN-5-KJBSBG.txt,1 San Juan 5,New Testament (1989 Kanjobal Edition),,live.bible.is/KJBSBG/1JN/5,Religious,Kanjobal
1PE-1-ENGNIV.txt,1 Peter 1,New Testament (New International Version),,live.bible.is/ENGNIV/1PE/1,Religious,English
1PE-1-KJBSBG.txt,1 San Pedro 1,New Testament (1989 Kanjobal Edition),,live.bible.is/KJBSBG/1PE/1,Religious,Kanjobal
1PE-2-ENGNIV.txt,1 Peter 2,New Testament (New International Version),,live.bible.is/ENGNIV/1PE/2,Religious,English
1PE-2-KJBSBG.txt,1 San Pedro 2,New Testament (1989 Kanjobal Edition),,live.bible.is/KJBSBG/1PE/2,Religious,Kanjobal
1PE-3-ENGNIV.txt,1 Peter 3,New Testament (New International Version),,live.bible.is/ENGNIV/1PE/3,Religious,English
1PE-3-KJBSBG.txt,1 San Pedro 3,New Testament (1989 Kanjobal Edition),,live.bible.is/KJBSBG/1PE/3,Religious,Kanjobal
1PE-4-ENGNIV.txt,1 Peter 4,New Testament (New International Version),,live.bible.is/ENGNIV/1PE/4,Religious,English
1PE-4-KJBSBG.txt,1 San Pedro 4,New Testament (1989 Kanjobal Edition),,live.bible.is/KJBSBG/1PE/4,Religious,Kanjobal
1PE-5-ENGNIV.txt,1 Peter 5,New Testament (New International Version),,live.bible.is/ENGNIV/1PE/5,Religious,English
1PE-5-KJBSBG.txt,1 San Pedro 5,New Testament (1989 Kanjobal Edition),,live.bible.is/KJBSBG/1PE/5,Religious,Kanjobal
1TH-1-ENGNIV.txt,1 Thessalonians 1,New Testament (New International Version),,live.bible.is/ENGNIV/1TH/1,Religious,English
1TH-1-KJBSBG.txt,1 Tesalonicenses 1,New Testament (1989 Kanjobal Edition),,live.bible.is/KJBSBG/1TH/1,Religious,Kanjobal
1TH-2-ENGNIV.txt,1 Thessalonians 2,New Testament (New International Version),,live.bible.is/ENGNIV/1TH/2,Religious,English
1TH-2-KJBSBG.txt,1 Tesalonicenses 2,New Testament (1989 Kanjobal Edition),,live.bible.is/KJBSBG/1TH/2,Religious,Kanjobal
1TH-3-ENGNIV.txt,1 Thessalonians 3,New Testament (New International Version),,live.bible.is/ENGNIV/1TH/3,Religious,English
1TH-3-KJBSBG.txt,1 Tesalonicenses 3,New Testament (1989 Kanjobal Edition),,live.bible.is/KJBSBG/1TH/3,Religious,Kanjobal
1TH-4-ENGNIV.txt,1 Thessalonians 4,New Testament (New International Version),,live.bible.is/ENGNIV/1TH/4,Religious,English
1TH-4-KJBSBG.txt,1 Tesalonicenses 4,New Testament (1989 Kanjobal Edition),,live.bible.is/KJBSBG/1TH/4,Religious,Kanjobal
1TH-5-ENGNIV.txt,1 Thessalonians 5,New Testament (New International Version),,live.bible.is/ENGNIV/1TH/5,Religious,English
1TH-5-KJBSBG.txt,1 Tesalonicenses 5,New Testament (1989 Kanjobal Edition),,live.bible.is/KJBSBG/1TH/5,Religious,Kanjobal
1TI-1-ENGNIV.txt,1 Timothy 1,New Testament (New International Version),,live.bible.is/ENGNIV/1TI/1,Religious,English
1TI-1-KJBSBG.txt,1 Timoteo 1,New Testament (1989 Kanjobal Edition),,live.bible.is/KJBSBG/1TI/1,Religious,Kanjobal
1TI-2-ENGNIV.txt,1 Timothy 2,New Testament (New International Version),,live.bible.is/ENGNIV/1TI/2,Religious,English
1TI-2-KJBSBG.txt,1 Timoteo 2,New Testament (1989 Kanjobal Edition),,live.bible.is/KJBSBG/1TI/2,Religious,Kanjobal
1TI-3-ENGNIV.txt,1 Timothy 3,New Testament (New International Version),,live.bible.is/ENGNIV/1TI/3,Religious,English
1TI-3-KJBSBG.txt,1 Timoteo 3,New Testament (1989 Kanjobal Edition),,live.bible.is/KJBSBG/1TI/3,Religious,Kanjobal
1TI-4-ENGNIV.txt,1 Timothy 4,New Testament (New International Version),,live.bible.is/ENGNIV/1TI/4,Religious,English
1TI-4-KJBSBG.txt,1 Timoteo 4,New Testament (1989 Kanjobal Edition),,live.bible.is/KJBSBG/1TI/4,Religious,Kanjobal
1TI-5-ENGNIV.txt,1 Timothy 5,New Testament (New International Version),,live.bible.is/ENGNIV/1TI/5,Religious,English
1TI-5-KJBSBG.txt,1 Timoteo 5,New Testament (1989 Kanjobal Edition),,live.bible.is/KJBSBG/1TI/5,Religious,Kanjobal
1TI-6-ENGNIV.txt,1 Timothy 6,New Testament (New International Version),,live.bible.is/ENGNIV/1TI/6,Religious,English
1TI-6-KJBSBG.txt,1 Timoteo 6,New Testament (1989 Kanjobal Edition),,live.bible.is/KJBSBG/1TI/6,Religious,Kanjobal
2CO-1-ENGNIV.txt,2 Corinthians 1,New Testament (New International Version),,live.bible.is/ENGNIV/2CO/1,Religious,English
2CO-1-KJBSBG.txt,2 Corintios 1,New Testament (1989 Kanjobal Edition),,live.bible.is/KJBSBG/2CO/1,Religious,Kanjobal
2CO-10-ENGNIV.txt,2 Corinthians 10,New Testament (New International Version),,live.bible.is/ENGNIV/2CO/10,Religious,English
2CO-10-KJBSBG.txt,2 Corintios 10,New Testament (1989 Kanjobal Edition),,live.bible.is/KJBSBG/2CO/10,Religious,Kanjobal
2CO-11-ENGNIV.txt,2 Corinthians 11,New Testament (New International Version),,live.bible.is/ENGNIV/2CO/11,Religious,English
2CO-11-KJBSBG.txt,2 Corintios 11,New Testament (1989 Kanjobal Edition),,live.bible.is/KJBSBG/2CO/11,Religious,Kanjobal
2CO-12-ENGNIV.txt,2 Corinthians 12,New Testament (New International Version),,live.bible.is/ENGNIV/2CO/12,Religious,English
2CO-12-KJBSBG.txt,2 Corintios 12,New Testament (1989 Kanjobal Edition),,live.bible.is/KJBSBG/2CO/12,Religious,Kanjobal
2CO-13-ENGNIV.txt,2 Corinthians 13,New Testament (New International Version),,live.bible.is/ENGNIV/2CO/13,Religious,English
2CO-13-KJBSBG.txt,2 Corintios 13,New Testament (1989 Kanjobal Edition),,live.bible.is/KJBSBG/2CO/13,Religious,Kanjobal
2CO-2-ENGNIV.txt,2 Corinthians 2,New Testament (New International Version),,live.bible.is/ENGNIV/2CO/2,Religious,English
2CO-2-KJBSBG.txt,2 Corintios 2,New Testament (1989 Kanjobal Edition),,live.bible.is/KJBSBG/2CO/2,Religious,Kanjobal
2CO-3-ENGNIV.txt,2 Corinthians 3,New Testament (New International Version),,live.bible.is/ENGNIV/2CO/3,Religious,English
2CO-3-KJBSBG.txt,2 Corintios 3,New Testament (1989 Kanjobal Edition),,live.bible.is/KJBSBG/2CO/3,Religious,Kanjobal
2CO-4-ENGNIV.txt,2 Corinthians 4,New Testament (New International Version),,live.bible.is/ENGNIV/2CO/4,Religious,English
2CO-4-KJBSBG.txt,2 Corintios 4,New Testament (1989 Kanjobal Edition),,live.bible.is/KJBSBG/2CO/4,Religious,Kanjobal
2CO-5-ENGNIV.txt,2 Corinthians 5,New Testament (New International Version),,live.bible.is/ENGNIV/2CO/5,Religious,English
2CO-5-KJBSBG.txt,2 Corintios 5,New Testament (1989 Kanjobal Edition),,live.bible.is/KJBSBG/2CO/5,Religious,Kanjobal
2CO-6-ENGNIV.txt,2 Corinthians 6,New Testament (New International Version),,live.bible.is/ENGNIV/2CO/6,Religious,English
2CO-6-KJBSBG.txt,2 Corintios 6,New Testament (1989 Kanjobal Edition),,live.bible.is/KJBSBG/2CO/6,Religious,Kanjobal
2CO-7-ENGNIV.txt,2 Corinthians 7,New Testament (New International Version),,live.bible.is/ENGNIV/2CO/7,Religious,English
2CO-7-KJBSBG.txt,2 Corintios 7,New Testament (1989 Kanjobal Edition),,live.bible.is/KJBSBG/2CO/7,Religious,Kanjobal
2CO-8-ENGNIV.txt,2 Corinthians 8,New Testament (New International Version),,live.bible.is/ENGNIV/2CO/8,Religious,English
2CO-8-KJBSBG.txt,2 Corintios 8,New Testament (1989 Kanjobal Edition),,live.bible.is/KJBSBG/2CO/8,Religious,Kanjobal
2CO-9-ENGNIV.txt,2 Corinthians 9,New Testament (New International Version),,live.bible.is/ENGNIV/2CO/9,Religious,English
2CO-9-KJBSBG.txt,2 Corintios 9,New Testament (1989 Kanjobal Edition),,live.bible.is/KJBSBG/2CO/9,Religious,Kanjobal
2JN-1-ENGNIV.txt,2 John 1,New Testament (New International Version),,live.bible.is/ENGNIV/2JN/1,Religious,English
2JN-1-KJBSBG.txt,2 San Juan 1,New Testament (1989 Kanjobal Edition),,live.bible.is/KJBSBG/2JN/1,Religious,Kanjobal
2PE-1-ENGNIV.txt,2 Peter 1,New Testament (New International Version),,live.bible.is/ENGNIV/2PE/1,Religious,English
2PE-1-KJBSBG.txt,2 San Pedro 1,New Testament (1989 Kanjobal Edition),,live.bible.is/KJBSBG/2PE/1,Religious,Kanjobal
2PE-2-ENGNIV.txt,2 Peter 2,New Testament (New International Version),,live.bible.is/ENGNIV/2PE/2,Religious,English
2PE-2-KJBSBG.txt,2 San Pedro 2,New Testament (1989 Kanjobal Edition),,live.bible.is/KJBSBG/2PE/2,Religious,Kanjobal
2PE-3-ENGNIV.txt,2 Peter 3,New Testament (New International Version),,live.bible.is/ENGNIV/2PE/3,Religious,English
2PE-3-KJBSBG.txt,2 San Pedro 3,New Testament (1989 Kanjobal Edition),,live.bible.is/KJBSBG/2PE/3,Religious,Kanjobal
2TH-1-ENGNIV.txt,2 Thessalonians 1,New Testament (New International Version),,live.bible.is/ENGNIV/2TH/1,Religious,English
2TH-1-KJBSBG.txt,2 Tesalonicenses 1,New Testament (1989 Kanjobal Edition),,live.bible.is/KJBSBG/2TH/1,Religious,Kanjobal
2TH-2-ENGNIV.txt,2 Thessalonians 2,New Testament (New International Version),,live.bible.is/ENGNIV/2TH/2,Religious,English
2TH-2-KJBSBG.txt,2 Tesalonicenses 2,New Testament (1989 Kanjobal Edition),,live.bible.is/KJBSBG/2TH/2,Religious,Kanjobal
2TH-3-ENGNIV.txt,2 Thessalonians 3,New Testament (New International Version),,live.bible.is/ENGNIV/2TH/3,Religious,English
2TH-3-KJBSBG.txt,2 Tesalonicenses 3,New Testament (1989 Kanjobal Edition),,live.bible.is/KJBSBG/2TH/3,Religious,Kanjobal
2TI-1-ENGNIV.txt,2 Timothy 1,New Testament (New International Version),,live.bible.is/ENGNIV/2TI/1,Religious,English
2TI-1-KJBSBG.txt,2 Timoteo 1,New Testament (1989 Kanjobal Edition),,live.bible.is/KJBSBG/2TI/1,Religious,Kanjobal
2TI-2-ENGNIV.txt,2 Timothy 2,New Testament (New International Version),,live.bible.is/ENGNIV/2TI/2,Religious,English
2TI-2-KJBSBG.txt,2 Timoteo 2,New Testament (1989 Kanjobal Edition),,live.bible.is/KJBSBG/2TI/2,Religious,Kanjobal
2TI-3-ENGNIV.txt,2 Timothy 3,New Testament (New International Version),,live.bible.is/ENGNIV/2TI/3,Religious,English
2TI-3-KJBSBG.txt,2 Timoteo 3,New Testament (1989 Kanjobal Edition),,live.bible.is/KJBSBG/2TI/3,Religious,Kanjobal
2TI-4-ENGNIV.txt,2 Timothy 4,New Testament (New International Version),,live.bible.is/ENGNIV/2TI/4,Religious,English
2TI-4-KJBSBG.txt,2 Timoteo 4,New Testament (1989 Kanjobal Edition),,live.bible.is/KJBSBG/2TI/4,Religious,Kanjobal
3JN-1-ENGNIV.txt,3 John 1,New Testament (New International Version),,live.bible.is/ENGNIV/3JN/1,Religious,English
3JN-1-KJBSBG.txt,3 San Juan 1,New Testament (1989 Kanjobal Edition),,live.bible.is/KJBSBG/3JN/1,Religious,Kanjobal
ACT-1-ENGNIV.txt,Acts 1,New Testament (New International Version),,live.bible.is/ENGNIV/ACT/1,Religious,English
ACT-1-KJBSBG.txt,Hechos 1,New Testament (1989 Kanjobal Edition),,live.bible.is/KJBSBG/ACT/1,Religious,Kanjobal
ACT-10-ENGNIV.txt,Acts 10,New Testament (New International Version),,live.bible.is/ENGNIV/ACT/10,Religious,English
ACT-10-KJBSBG.txt,Hechos 10,New Testament (1989 Kanjobal Edition),,live.bible.is/KJBSBG/ACT/10,Religious,Kanjobal
ACT-11-ENGNIV.txt,Acts 11,New Testament (New International Version),,live.bible.is/ENGNIV/ACT/11,Religious,English
ACT-11-KJBSBG.txt,Hechos 11,New Testament (1989 Kanjobal Edition),,live.bible.is/KJBSBG/ACT/11,Religious,Kanjobal
ACT-12-ENGNIV.txt,Acts 12,New Testament (New International Version),,live.bible.is/ENGNIV/ACT/12,Religious,English
ACT-12-KJBSBG.txt,Hechos 12,New Testament (1989 Kanjobal Edition),,live.bible.is/KJBSBG/ACT/12,Religious,Kanjobal
ACT-13-ENGNIV.txt,Acts 13,New Testament (New International Version),,live.bible.is/ENGNIV/ACT/13,Religious,English
ACT-13-KJBSBG.txt,Hechos 13,New Testament (1989 Kanjobal Edition),,live.bible.is/KJBSBG/ACT/13,Religious,Kanjobal
ACT-14-ENGNIV.txt,Acts 14,New Testament (New International Version),,live.bible.is/ENGNIV/ACT/14,Religious,English
ACT-14-KJBSBG.txt,Hechos 14,New Testament (1989 Kanjobal Edition),,live.bible.is/KJBSBG/ACT/14,Religious,Kanjobal
ACT-15-ENGNIV.txt,Acts 15,New Testament (New International Version),,live.bible.is/ENGNIV/ACT/15,Religious,English
ACT-15-KJBSBG.txt,Hechos 15,New Testament (1989 Kanjobal Edition),,live.bible.is/KJBSBG/ACT/15,Religious,Kanjobal
ACT-16-ENGNIV.txt,Acts 16,New Testament (New International Version),,live.bible.is/ENGNIV/ACT/16,Religious,English
ACT-16-KJBSBG.txt,Hechos 16,New Testament (1989 Kanjobal Edition),,live.bible.is/KJBSBG/ACT/16,Religious,Kanjobal
ACT-17-ENGNIV.txt,Acts 17,New Testament (New International Version),,live.bible.is/ENGNIV/ACT/17,Religious,English
ACT-17-KJBSBG.txt,Hechos 17,New Testament (1989 Kanjobal Edition),,live.bible.is/KJBSBG/ACT/17,Religious,Kanjobal
ACT-18-ENGNIV.txt,Acts 18,New Testament (New International Version),,live.bible.is/ENGNIV/ACT/18,Religious,English
ACT-18-KJBSBG.txt,Hechos 18,New Testament (1989 Kanjobal Edition),,live.bible.is/KJBSBG/ACT/18,Religious,Kanjobal
ACT-19-ENGNIV.txt,Acts 19,New Testament (New International Version),,live.bible.is/ENGNIV/ACT/19,Religious,English
ACT-19-KJBSBG.txt,Hechos 19,New Testament (1989 Kanjobal Edition),,live.bible.is/KJBSBG/ACT/19,Religious,Kanjobal
ACT-2-ENGNIV.txt,Acts 2,New Testament (New International Version),,live.bible.is/ENGNIV/ACT/2,Religious,English
ACT-2-KJBSBG.txt,Hechos 2,New Testament (1989 Kanjobal Edition),,live.bible.is/KJBSBG/ACT/2,Religious,Kanjobal
ACT-20-ENGNIV.txt,Acts 20,New Testament (New International Version),,live.bible.is/ENGNIV/ACT/20,Religious,English
ACT-20-KJBSBG.txt,Hechos 20,New Testament (1989 Kanjobal Edition),,live.bible.is/KJBSBG/ACT/20,Religious,Kanjobal
ACT-21-ENGNIV.txt,Acts 21,New Testament (New International Version),,live.bible.is/ENGNIV/ACT/21,Religious,English
ACT-21-KJBSBG.txt,Hechos 21,New Testament (1989 Kanjobal Edition),,live.bible.is/KJBSBG/ACT/21,Religious,Kanjobal
ACT-22-ENGNIV.txt,Acts 22,New Testament (New International Version),,live.bible.is/ENGNIV/ACT/22,Religious,English
ACT-22-KJBSBG.txt,Hechos 22,New Testament (1989 Kanjobal Edition),,live.bible.is/KJBSBG/ACT/22,Religious,Kanjobal
ACT-23-ENGNIV.txt,Acts 23,New Testament (New International Version),,live.bible.is/ENGNIV/ACT/23,Religious,English
ACT-23-KJBSBG.txt,Hechos 23,New Testament (1989 Kanjobal Edition),,live.bible.is/KJBSBG/ACT/23,Religious,Kanjobal
ACT-24-ENGNIV.txt,Acts 24,New Testament (New International Version),,live.bible.is/ENGNIV/ACT/24,Religious,English
ACT-24-KJBSBG.txt,Hechos 24,New Testament (1989 Kanjobal Edition),,live.bible.is/KJBSBG/ACT/24,Religious,Kanjobal
ACT-25-ENGNIV.txt,Acts 25,New Testament (New International Version),,live.bible.is/ENGNIV/ACT/25,Religious,English
ACT-25-KJBSBG.txt,Hechos 25,New Testament (1989 Kanjobal Edition),,live.bible.is/KJBSBG/ACT/25,Religious,Kanjobal
ACT-26-ENGNIV.txt,Acts 26,New Testament (New International Version),,live.bible.is/ENGNIV/ACT/26,Religious,English
ACT-26-KJBSBG.txt,Hechos 26,New Testament (1989 Kanjobal Edition),,live.bible.is/KJBSBG/ACT/26,Religious,Kanjobal
ACT-27-ENGNIV.txt,Acts 27,New Testament (New International Version),,live.bible.is/ENGNIV/ACT/27,Religious,English
ACT-27-KJBSBG.txt,Hechos 27,New Testament (1989 Kanjobal Edition),,live.bible.is/KJBSBG/ACT/27,Religious,Kanjobal
ACT-28-ENGNIV.txt,Acts 28,New Testament (New International Version),,live.bible.is/ENGNIV/ACT/28,Religious,English
ACT-28-KJBSBG.txt,Hechos 28,New Testament (1989 Kanjobal Edition),,live.bible.is/KJBSBG/ACT/28,Religious,Kanjobal
ACT-3-ENGNIV.txt,Acts 3,New Testament (New International Version),,live.bible.is/ENGNIV/ACT/3,Religious,English
ACT-3-KJBSBG.txt,Hechos 3,New Testament (1989 Kanjobal Edition),,live.bible.is/KJBSBG/ACT/3,Religious,Kanjobal
ACT-4-ENGNIV.txt,Acts 4,New Testament (New International Version),,live.bible.is/ENGNIV/ACT/4,Religious,English
ACT-4-KJBSBG.txt,Hechos 4,New Testament (1989 Kanjobal Edition),,live.bible.is/KJBSBG/ACT/4,Religious,Kanjobal
ACT-5-ENGNIV.txt,Acts 5,New Testament (New International Version),,live.bible.is/ENGNIV/ACT/5,Religious,English
ACT-5-KJBSBG.txt,Hechos 5,New Testament (1989 Kanjobal Edition),,live.bible.is/KJBSBG/ACT/5,Religious,Kanjobal
ACT-6-ENGNIV.txt,Acts 6,New Testament (New International Version),,live.bible.is/ENGNIV/ACT/6,Religious,English
ACT-6-KJBSBG.txt,Hechos 6,New Testament (1989 Kanjobal Edition),,live.bible.is/KJBSBG/ACT/6,Religious,Kanjobal
ACT-7-ENGNIV.txt,Acts 7,New Testament (New International Version),,live.bible.is/ENGNIV/ACT/7,Religious,English
ACT-7-KJBSBG.txt,Hechos 7,New Testament (1989 Kanjobal Edition),,live.bible.is/KJBSBG/ACT/7,Religious,Kanjobal
ACT-8-ENGNIV.txt,Acts 8,New Testament (New International Version),,live.bible.is/ENGNIV/ACT/8,Religious,English
ACT-8-KJBSBG.txt,Hechos 8,New Testament (1989 Kanjobal Edition),,live.bible.is/KJBSBG/ACT/8,Religious,Kanjobal
ACT-9-ENGNIV.txt,Acts 9,New Testament (New International Version),,live.bible.is/ENGNIV/ACT/9,Religious,English
ACT-9-KJBSBG.txt,Hechos 9,New Testament (1989 Kanjobal Edition),,live.bible.is/KJBSBG/ACT/9,Religious,Kanjobal
COL-1-ENGNIV.txt,Colossians 1,New Testament (New International Version),,live.bible.is/ENGNIV/COL/1,Religious,English
COL-1-KJBSBG.txt,Colosenses 1,New Testament (1989 Kanjobal Edition),,live.bible.is/KJBSBG/COL/1,Religious,Kanjobal
COL-2-ENGNIV.txt,Colossians 2,New Testament (New International Version),,live.bible.is/ENGNIV/COL/2,Religious,English
COL-2-KJBSBG.txt,Colosenses 2,New Testament (1989 Kanjobal Edition),,live.bible.is/KJBSBG/COL/2,Religious,Kanjobal
COL-3-ENGNIV.txt,Colossians 3,New Testament (New International Version),,live.bible.is/ENGNIV/COL/3,Religious,English
COL-3-KJBSBG.txt,Colosenses 3,New Testament (1989 Kanjobal Edition),,live.bible.is/KJBSBG/COL/3,Religious,Kanjobal
COL-4-ENGNIV.txt,Colossians 4,New Testament (New International Version),,live.bible.is/ENGNIV/COL/4,Religious,English
COL-4-KJBSBG.txt,Colosenses 4,New Testament (1989 Kanjobal Edition),,live.bible.is/KJBSBG/COL/4,Religious,Kanjobal
EPH-1-ENGNIV.txt,Ephesians 1,New Testament (New International Version),,live.bible.is/ENGNIV/EPH/1,Religious,English
EPH-1-KJBSBG.txt,Efesios 1,New Testament (1989 Kanjobal Edition),,live.bible.is/KJBSBG/EPH/1,Religious,Kanjobal
EPH-2-ENGNIV.txt,Ephesians 2,New Testament (New International Version),,live.bible.is/ENGNIV/EPH/2,Religious,English
EPH-2-KJBSBG.txt,Efesios 2,New Testament (1989 Kanjobal Edition),,live.bible.is/KJBSBG/EPH/2,Religious,Kanjobal
EPH-3-ENGNIV.txt,Ephesians 3,New Testament (New International Version),,live.bible.is/ENGNIV/EPH/3,Religious,English
EPH-3-KJBSBG.txt,Efesios 3,New Testament (1989 Kanjobal Edition),,live.bible.is/KJBSBG/EPH/3,Religious,Kanjobal
EPH-4-ENGNIV.txt,Ephesians 4,New Testament (New International Version),,live.bible.is/ENGNIV/EPH/4,Religious,English
EPH-4-KJBSBG.txt,Efesios 4,New Testament (1989 Kanjobal Edition),,live.bible.is/KJBSBG/EPH/4,Religious,Kanjobal
EPH-5-ENGNIV.txt,Ephesians 5,New Testament (New International Version),,live.bible.is/ENGNIV/EPH/5,Religious,English
EPH-5-KJBSBG.txt,Efesios 5,New Testament (1989 Kanjobal Edition),,live.bible.is/KJBSBG/EPH/5,Religious,Kanjobal
EPH-6-ENGNIV.txt,Ephesians 6,New Testament (New International Version),,live.bible.is/ENGNIV/EPH/6,Religious,English
EPH-6-KJBSBG.txt,Efesios 6,New Testament (1989 Kanjobal Edition),,live.bible.is/KJBSBG/EPH/6,Religious,Kanjobal
GAL-1-ENGNIV.txt,Galatians 1,New Testament (New International Version),,live.bible.is/ENGNIV/GAL/1,Religious,English
GAL-1-KJBSBG.txt,Galatas 1,New Testament (1989 Kanjobal Edition),,live.bible.is/KJBSBG/GAL/1,Religious,Kanjobal
GAL-2-ENGNIV.txt,Galatians 2,New Testament (New International Version),,live.bible.is/ENGNIV/GAL/2,Religious,English
GAL-2-KJBSBG.txt,Galatas 2,New Testament (1989 Kanjobal Edition),,live.bible.is/KJBSBG/GAL/2,Religious,Kanjobal
GAL-3-ENGNIV.txt,Galatians 3,New Testament (New International Version),,live.bible.is/ENGNIV/GAL/3,Religious,English
GAL-3-KJBSBG.txt,Galatas 3,New Testament (1989 Kanjobal Edition),,live.bible.is/KJBSBG/GAL/3,Religious,Kanjobal
GAL-4-ENGNIV.txt,Galatians 4,New Testament (New International Version),,live.bible.is/ENGNIV/GAL/4,Religious,English
GAL-4-KJBSBG.txt,Galatas 4,New Testament (1989 Kanjobal Edition),,live.bible.is/KJBSBG/GAL/4,Religious,Kanjobal
GAL-5-ENGNIV.txt,Galatians 5,New Testament (New International Version),,live.bible.is/ENGNIV/GAL/5,Religious,English
GAL-5-KJBSBG.txt,Galatas 5,New Testament (1989 Kanjobal Edition),,live.bible.is/KJBSBG/GAL/5,Religious,Kanjobal
GAL-6-ENGNIV.txt,Galatians 6,New Testament (New International Version),,live.bible.is/ENGNIV/GAL/6,Religious,English
GAL-6-KJBSBG.txt,Galatas 6,New Testament (1989 Kanjobal Edition),,live.bible.is/KJBSBG/GAL/6,Religious,Kanjobal
HEB-1-ENGNIV.txt,Hebrews 1,New Testament (New International Version),,live.bible.is/ENGNIV/HEB/1,Religious,English
HEB-1-KJBSBG.txt,Hebreos 1,New Testament (1989 Kanjobal Edition),,live.bible.is/KJBSBG/HEB/1,Religious,Kanjobal
HEB-10-ENGNIV.txt,Hebrews 10,New Testament (New International Version),,live.bible.is/ENGNIV/HEB/10,Religious,English
HEB-10-KJBSBG.txt,Hebreos 10,New Testament (1989 Kanjobal Edition),,live.bible.is/KJBSBG/HEB/10,Religious,Kanjobal
HEB-11-ENGNIV.txt,Hebrews 11,New Testament (New International Version),,live.bible.is/ENGNIV/HEB/11,Religious,English
HEB-11-KJBSBG.txt,Hebreos 11,New Testament (1989 Kanjobal Edition),,live.bible.is/KJBSBG/HEB/11,Religious,Kanjobal
HEB-12-ENGNIV.txt,Hebrews 12,New Testament (New International Version),,live.bible.is/ENGNIV/HEB/12,Religious,English
HEB-12-KJBSBG.txt,Hebreos 12,New Testament (1989 Kanjobal Edition),,live.bible.is/KJBSBG/HEB/12,Religious,Kanjobal
HEB-13-ENGNIV.txt,Hebrews 13,New Testament (New International Version),,live.bible.is/ENGNIV/HEB/13,Religious,English
HEB-13-KJBSBG.txt,Hebreos 13,New Testament (1989 Kanjobal Edition),,live.bible.is/KJBSBG/HEB/13,Religious,Kanjobal
HEB-2-ENGNIV.txt,Hebrews 2,New Testament (New International Version),,live.bible.is/ENGNIV/HEB/2,Religious,English
HEB-2-KJBSBG.txt,Hebreos 2,New Testament (1989 Kanjobal Edition),,live.bible.is/KJBSBG/HEB/2,Religious,Kanjobal
HEB-3-ENGNIV.txt,Hebrews 3,New Testament (New International Version),,live.bible.is/ENGNIV/HEB/3,Religious,English
HEB-3-KJBSBG.txt,Hebreos 3,New Testament (1989 Kanjobal Edition),,live.bible.is/KJBSBG/HEB/3,Religious,Kanjobal
HEB-4-ENGNIV.txt,Hebrews 4,New Testament (New International Version),,live.bible.is/ENGNIV/HEB/4,Religious,English
HEB-4-KJBSBG.txt,Hebreos 4,New Testament (1989 Kanjobal Edition),,live.bible.is/KJBSBG/HEB/4,Religious,Kanjobal
HEB-5-ENGNIV.txt,Hebrews 5,New Testament (New International Version),,live.bible.is/ENGNIV/HEB/5,Religious,English
HEB-5-KJBSBG.txt,Hebreos 5,New Testament (1989 Kanjobal Edition),,live.bible.is/KJBSBG/HEB/5,Religious,Kanjobal
HEB-6-ENGNIV.txt,Hebrews 6,New Testament (New International Version),,live.bible.is/ENGNIV/HEB/6,Religious,English
HEB-6-KJBSBG.txt,Hebreos 6,New Testament (1989 Kanjobal Edition),,live.bible.is/KJBSBG/HEB/6,Religious,Kanjobal
HEB-7-ENGNIV.txt,Hebrews 7,New Testament (New International Version),,live.bible.is/ENGNIV/HEB/7,Religious,English
HEB-7-KJBSBG.txt,Hebreos 7,New Testament (1989 Kanjobal Edition),,live.bible.is/KJBSBG/HEB/7,Religious,Kanjobal
HEB-8-ENGNIV.txt,Hebrews 8,New Testament (New International Version),,live.bible.is/ENGNIV/HEB/8,Religious,English
HEB-8-KJBSBG.txt,Hebreos 8,New Testament (1989 Kanjobal Edition),,live.bible.is/KJBSBG/HEB/8,Religious,Kanjobal
HEB-9-ENGNIV.txt,Hebrews 9,New Testament (New International Version),,live.bible.is/ENGNIV/HEB/9,Religious,English
HEB-9-KJBSBG.txt,Hebreos 9,New Testament (1989 Kanjobal Edition),,live.bible.is/KJBSBG/HEB/9,Religious,Kanjobal
JAS-1-ENGNIV.txt,James 1,New Testament (New International Version),,live.bible.is/ENGNIV/JAS/1,Religious,English
JAS-1-KJBSBG.txt,Santiago 1,New Testament (1989 Kanjobal Edition),,live.bible.is/KJBSBG/JAS/1,Religious,Kanjobal
JAS-2-ENGNIV.txt,James 2,New Testament (New International Version),,live.bible.is/ENGNIV/JAS/2,Religious,English
JAS-2-KJBSBG.txt,Santiago 2,New Testament (1989 Kanjobal Edition),,live.bible.is/KJBSBG/JAS/2,Religious,Kanjobal
JAS-3-ENGNIV.txt,James 3,New Testament (New International Version),,live.bible.is/ENGNIV/JAS/3,Religious,English
JAS-3-KJBSBG.txt,Santiago 3,New Testament (1989 Kanjobal Edition),,live.bible.is/KJBSBG/JAS/3,Religious,Kanjobal
JAS-4-ENGNIV.txt,James 4,New Testament (New International Version),,live.bible.is/ENGNIV/JAS/4,Religious,English
JAS-4-KJBSBG.txt,Santiago 4,New Testament (1989 Kanjobal Edition),,live.bible.is/KJBSBG/JAS/4,Religious,Kanjobal
JAS-5-ENGNIV.txt,James 5,New Testament (New International Version),,live.bible.is/ENGNIV/JAS/5,Religious,English
JAS-5-KJBSBG.txt,Santiago 5,New Testament (1989 Kanjobal Edition),,live.bible.is/KJBSBG/JAS/5,Religious,Kanjobal
JHN-1-ENGNIV.txt,John 1,New Testament (New International Version),,live.bible.is/ENGNIV/JHN/1,Religious,English
JHN-1-KJBSBG.txt,San Juan 1,New Testament (1989 Kanjobal Edition),,live.bible.is/KJBSBG/JHN/1,Religious,Kanjobal
JHN-10-ENGNIV.txt,John 10,New Testament (New International Version),,live.bible.is/ENGNIV/JHN/10,Religious,English
JHN-10-KJBSBG.txt,San Juan 10,New Testament (1989 Kanjobal Edition),,live.bible.is/KJBSBG/JHN/10,Religious,Kanjobal
JHN-11-ENGNIV.txt,John 11,New Testament (New International Version),,live.bible.is/ENGNIV/JHN/11,Religious,English
JHN-11-KJBSBG.txt,San Juan 11,New Testament (1989 Kanjobal Edition),,live.bible.is/KJBSBG/JHN/11,Religious,Kanjobal
JHN-12-ENGNIV.txt,John 12,New Testament (New International Version),,live.bible.is/ENGNIV/JHN/12,Religious,English
JHN-12-KJBSBG.txt,San Juan 12,New Testament (1989 Kanjobal Edition),,live.bible.is/KJBSBG/JHN/12,Religious,Kanjobal
JHN-13-ENGNIV.txt,John 13,New Testament (New International Version),,live.bible.is/ENGNIV/JHN/13,Religious,English
JHN-13-KJBSBG.txt,San Juan 13,New Testament (1989 Kanjobal Edition),,live.bible.is/KJBSBG/JHN/13,Religious,Kanjobal
JHN-14-ENGNIV.txt,John 14,New Testament (New International Version),,live.bible.is/ENGNIV/JHN/14,Religious,English
JHN-14-KJBSBG.txt,San Juan 14,New Testament (1989 Kanjobal Edition),,live.bible.is/KJBSBG/JHN/14,Religious,Kanjobal
JHN-15-ENGNIV.txt,John 15,New Testament (New International Version),,live.bible.is/ENGNIV/JHN/15,Religious,English
JHN-15-KJBSBG.txt,San Juan 15,New Testament (1989 Kanjobal Edition),,live.bible.is/KJBSBG/JHN/15,Religious,Kanjobal
JHN-16-ENGNIV.txt,John 16,New Testament (New International Version),,live.bible.is/ENGNIV/JHN/16,Religious,English
JHN-16-KJBSBG.txt,San Juan 16,New Testament (1989 Kanjobal Edition),,live.bible.is/KJBSBG/JHN/16,Religious,Kanjobal
JHN-17-ENGNIV.txt,John 17,New Testament (New International Version),,live.bible.is/ENGNIV/JHN/17,Religious,English
JHN-17-KJBSBG.txt,San Juan 17,New Testament (1989 Kanjobal Edition),,live.bible.is/KJBSBG/JHN/17,Religious,Kanjobal
JHN-18-ENGNIV.txt,John 18,New Testament (New International Version),,live.bible.is/ENGNIV/JHN/18,Religious,English
JHN-18-KJBSBG.txt,San Juan 18,New Testament (1989 Kanjobal Edition),,live.bible.is/KJBSBG/JHN/18,Religious,Kanjobal
JHN-19-ENGNIV.txt,John 19,New Testament (New International Version),,live.bible.is/ENGNIV/JHN/19,Religious,English
JHN-19-KJBSBG.txt,San Juan 19,New Testament (1989 Kanjobal Edition),,live.bible.is/KJBSBG/JHN/19,Religious,Kanjobal
JHN-2-ENGNIV.txt,John 2,New Testament (New International Version),,live.bible.is/ENGNIV/JHN/2,Religious,English
JHN-2-KJBSBG.txt,San Juan 2,New Testament (1989 Kanjobal Edition),,live.bible.is/KJBSBG/JHN/2,Religious,Kanjobal
JHN-20-ENGNIV.txt,John 20,New Testament (New International Version),,live.bible.is/ENGNIV/JHN/20,Religious,English
JHN-20-KJBSBG.txt,San Juan 20,New Testament (1989 Kanjobal Edition),,live.bible.is/KJBSBG/JHN/20,Religious,Kanjobal
JHN-21-ENGNIV.txt,John 21,New Testament (New International Version),,live.bible.is/ENGNIV/JHN/21,Religious,English
JHN-21-KJBSBG.txt,San Juan 21,New Testament (1989 Kanjobal Edition),,live.bible.is/KJBSBG/JHN/21,Religious,Kanjobal
JHN-3-ENGNIV.txt,John 3,New Testament (New International Version),,live.bible.is/ENGNIV/JHN/3,Religious,English
JHN-3-KJBSBG.txt,San Juan 3,New Testament (1989 Kanjobal Edition),,live.bible.is/KJBSBG/JHN/3,Religious,Kanjobal
JHN-4-ENGNIV.txt,John 4,New Testament (New International Version),,live.bible.is/ENGNIV/JHN/4,Religious,English
JHN-4-KJBSBG.txt,San Juan 4,New Testament (1989 Kanjobal Edition),,live.bible.is/KJBSBG/JHN/4,Religious,Kanjobal
JHN-5-ENGNIV.txt,John 5,New Testament (New International Version),,live.bible.is/ENGNIV/JHN/5,Religious,English
JHN-5-KJBSBG.txt,San Juan 5,New Testament (1989 Kanjobal Edition),,live.bible.is/KJBSBG/JHN/5,Religious,Kanjobal
JHN-6-ENGNIV.txt,John 6,New Testament (New International Version),,live.bible.is/ENGNIV/JHN/6,Religious,English
JHN-6-KJBSBG.txt,San Juan 6,New Testament (1989 Kanjobal Edition),,live.bible.is/KJBSBG/JHN/6,Religious,Kanjobal
JHN-7-ENGNIV.txt,John 7,New Testament (New International Version),,live.bible.is/ENGNIV/JHN/7,Religious,English
JHN-7-KJBSBG.txt,San Juan 7,New Testament (1989 Kanjobal Edition),,live.bible.is/KJBSBG/JHN/7,Religious,Kanjobal
JHN-8-ENGNIV.txt,John 8,New Testament (New International Version),,live.bible.is/ENGNIV/JHN/8,Religious,English
JHN-8-KJBSBG.txt,San Juan 8,New Testament (1989 Kanjobal Edition),,live.bible.is/KJBSBG/JHN/8,Religious,Kanjobal
JHN-9-ENGNIV.txt,John 9,New Testament (New International Version),,live.bible.is/ENGNIV/JHN/9,Religious,English
JHN-9-KJBSBG.txt,San Juan 9,New Testament (1989 Kanjobal Edition),,live.bible.is/KJBSBG/JHN/9,Religious,Kanjobal
JUD-1-ENGNIV.txt,Jude 1,New Testament (New International Version),,live.bible.is/ENGNIV/JUD/1,Religious,English
JUD-1-KJBSBG.txt,Judas 1,New Testament (1989 Kanjobal Edition),,live.bible.is/KJBSBG/JUD/1,Religious,Kanjobal
LUK-1-ENGNIV.txt,Luke 1,New Testament (New International Version),,live.bible.is/ENGNIV/LUK/1,Religious,English
LUK-1-KJBSBG.txt,San Lucas 1,New Testament (1989 Kanjobal Edition),,live.bible.is/KJBSBG/LUK/1,Religious,Kanjobal
LUK-10-ENGNIV.txt,Luke 10,New Testament (New International Version),,live.bible.is/ENGNIV/LUK/10,Religious,English
LUK-10-KJBSBG.txt,San Lucas 10,New Testament (1989 Kanjobal Edition),,live.bible.is/KJBSBG/LUK/10,Religious,Kanjobal
LUK-11-ENGNIV.txt,Luke 11,New Testament (New International Version),,live.bible.is/ENGNIV/LUK/11,Religious,English
LUK-11-KJBSBG.txt,San Lucas 11,New Testament (1989 Kanjobal Edition),,live.bible.is/KJBSBG/LUK/11,Religious,Kanjobal
LUK-12-ENGNIV.txt,Luke 12,New Testament (New International Version),,live.bible.is/ENGNIV/LUK/12,Religious,English
LUK-12-KJBSBG.txt,San Lucas 12,New Testament (1989 Kanjobal Edition),,live.bible.is/KJBSBG/LUK/12,Religious,Kanjobal
LUK-13-ENGNIV.txt,Luke 13,New Testament (New International Version),,live.bible.is/ENGNIV/LUK/13,Religious,English
LUK-13-KJBSBG.txt,San Lucas 13,New Testament (1989 Kanjobal Edition),,live.bible.is/KJBSBG/LUK/13,Religious,Kanjobal
LUK-14-ENGNIV.txt,Luke 14,New Testament (New International Version),,live.bible.is/ENGNIV/LUK/14,Religious,English
LUK-14-KJBSBG.txt,San Lucas 14,New Testament (1989 Kanjobal Edition),,live.bible.is/KJBSBG/LUK/14,Religious,Kanjobal
LUK-15-ENGNIV.txt,Luke 15,New Testament (New International Version),,live.bible.is/ENGNIV/LUK/15,Religious,English
LUK-15-KJBSBG.txt,San Lucas 15,New Testament (1989 Kanjobal Edition),,live.bible.is/KJBSBG/LUK/15,Religious,Kanjobal
LUK-16-ENGNIV.txt,Luke 16,New Testament (New International Version),,live.bible.is/ENGNIV/LUK/16,Religious,English
LUK-16-KJBSBG.txt,San Lucas 16,New Testament (1989 Kanjobal Edition),,live.bible.is/KJBSBG/LUK/16,Religious,Kanjobal
LUK-17-ENGNIV.txt,Luke 17,New Testament (New International Version),,live.bible.is/ENGNIV/LUK/17,Religious,English
LUK-17-KJBSBG.txt,San Lucas 17,New Testament (1989 Kanjobal Edition),,live.bible.is/KJBSBG/LUK/17,Religious,Kanjobal
LUK-18-ENGNIV.txt,Luke 18,New Testament (New International Version),,live.bible.is/ENGNIV/LUK/18,Religious,English
LUK-18-KJBSBG.txt,San Lucas 18,New Testament (1989 Kanjobal Edition),,live.bible.is/KJBSBG/LUK/18,Religious,Kanjobal
LUK-19-ENGNIV.txt,Luke 19,New Testament (New International Version),,live.bible.is/ENGNIV/LUK/19,Religious,English
LUK-19-KJBSBG.txt,San Lucas 19,New Testament (1989 Kanjobal Edition),,live.bible.is/KJBSBG/LUK/19,Religious,Kanjobal
LUK-2-ENGNIV.txt,Luke 2,New Testament (New International Version),,live.bible.is/ENGNIV/LUK/2,Religious,English
LUK-2-KJBSBG.txt,San Lucas 2,New Testament (1989 Kanjobal Edition),,live.bible.is/KJBSBG/LUK/2,Religious,Kanjobal
LUK-20-ENGNIV.txt,Luke 20,New Testament (New International Version),,live.bible.is/ENGNIV/LUK/20,Religious,English
LUK-20-KJBSBG.txt,San Lucas 20,New Testament (1989 Kanjobal Edition),,live.bible.is/KJBSBG/LUK/20,Religious,Kanjobal
LUK-21-ENGNIV.txt,Luke 21,New Testament (New International Version),,live.bible.is/ENGNIV/LUK/21,Religious,English
LUK-21-KJBSBG.txt,San Lucas 21,New Testament (1989 Kanjobal Edition),,live.bible.is/KJBSBG/LUK/21,Religious,Kanjobal
LUK-22-ENGNIV.txt,Luke 22,New Testament (New International Version),,live.bible.is/ENGNIV/LUK/22,Religious,English
LUK-22-KJBSBG.txt,San Lucas 22,New Testament (1989 Kanjobal Edition),,live.bible.is/KJBSBG/LUK/22,Religious,Kanjobal
LUK-23-ENGNIV.txt,Luke 23,New Testament (New International Version),,live.bible.is/ENGNIV/LUK/23,Religious,English
LUK-23-KJBSBG.txt,San Lucas 23,New Testament (1989 Kanjobal Edition),,live.bible.is/KJBSBG/LUK/23,Religious,Kanjobal
LUK-24-ENGNIV.txt,Luke 24,New Testament (New International Version),,live.bible.is/ENGNIV/LUK/24,Religious,English
LUK-24-KJBSBG.txt,San Lucas 24,New Testament (1989 Kanjobal Edition),,live.bible.is/KJBSBG/LUK/24,Religious,Kanjobal
LUK-3-ENGNIV.txt,Luke 3,New Testament (New International Version),,live.bible.is/ENGNIV/LUK/3,Religious,English
LUK-3-KJBSBG.txt,San Lucas 3,New Testament (1989 Kanjobal Edition),,live.bible.is/KJBSBG/LUK/3,Religious,Kanjobal
LUK-4-ENGNIV.txt,Luke 4,New Testament (New International Version),,live.bible.is/ENGNIV/LUK/4,Religious,English
LUK-4-KJBSBG.txt,San Lucas 4,New Testament (1989 Kanjobal Edition),,live.bible.is/KJBSBG/LUK/4,Religious,Kanjobal
LUK-5-ENGNIV.txt,Luke 5,New Testament (New International Version),,live.bible.is/ENGNIV/LUK/5,Religious,English
LUK-5-KJBSBG.txt,San Lucas 5,New Testament (1989 Kanjobal Edition),,live.bible.is/KJBSBG/LUK/5,Religious,Kanjobal
LUK-6-ENGNIV.txt,Luke 6,New Testament (New International Version),,live.bible.is/ENGNIV/LUK/6,Religious,English
LUK-6-KJBSBG.txt,San Lucas 6,New Testament (1989 Kanjobal Edition),,live.bible.is/KJBSBG/LUK/6,Religious,Kanjobal
LUK-7-ENGNIV.txt,Luke 7,New Testament (New International Version),,live.bible.is/ENGNIV/LUK/7,Religious,English
LUK-7-KJBSBG.txt,San Lucas 7,New Testament (1989 Kanjobal Edition),,live.bible.is/KJBSBG/LUK/7,Religious,Kanjobal
LUK-8-ENGNIV.txt,Luke 8,New Testament (New International Version),,live.bible.is/ENGNIV/LUK/8,Religious,English
LUK-8-KJBSBG.txt,San Lucas 8,New Testament (1989 Kanjobal Edition),,live.bible.is/KJBSBG/LUK/8,Religious,Kanjobal
LUK-9-ENGNIV.txt,Luke 9,New Testament (New International Version),,live.bible.is/ENGNIV/LUK/9,Religious,English
LUK-9-KJBSBG.txt,San Lucas 9,New Testament (1989 Kanjobal Edition),,live.bible.is/KJBSBG/LUK/9,Religious,Kanjobal
MAT-1-ENGNIV.txt,Matthew 1,New Testament (New International Version),,live.bible.is/ENGNIV/MAT/1,Religious,English
MAT-1-KJBSBG.txt,San Mateo 1,New Testament (1989 Kanjobal Edition),,live.bible.is/KJBSBG/MAT/1,Religious,Kanjobal
MAT-10-ENGNIV.txt,Matthew 10,New Testament (New International Version),,live.bible.is/ENGNIV/MAT/10,Religious,English
MAT-10-KJBSBG.txt,San Mateo 10,New Testament (1989 Kanjobal Edition),,live.bible.is/KJBSBG/MAT/10,Religious,Kanjobal
MAT-11-ENGNIV.txt,Matthew 11,New Testament (New International Version),,live.bible.is/ENGNIV/MAT/11,Religious,English
MAT-11-KJBSBG.txt,San Mateo 11,New Testament (1989 Kanjobal Edition),,live.bible.is/KJBSBG/MAT/11,Religious,Kanjobal
MAT-12-ENGNIV.txt,Matthew 12,New Testament (New International Version),,live.bible.is/ENGNIV/MAT/12,Religious,English
MAT-12-KJBSBG.txt,San Mateo 12,New Testament (1989 Kanjobal Edition),,live.bible.is/KJBSBG/MAT/12,Religious,Kanjobal
MAT-13-ENGNIV.txt,Matthew 13,New Testament (New International Version),,live.bible.is/ENGNIV/MAT/13,Religious,English
MAT-13-KJBSBG.txt,San Mateo 13,New Testament (1989 Kanjobal Edition),,live.bible.is/KJBSBG/MAT/13,Religious,Kanjobal
MAT-14-ENGNIV.txt,Matthew 14,New Testament (New International Version),,live.bible.is/ENGNIV/MAT/14,Religious,English
MAT-14-KJBSBG.txt,San Mateo 14,New Testament (1989 Kanjobal Edition),,live.bible.is/KJBSBG/MAT/14,Religious,Kanjobal
MAT-15-ENGNIV.txt,Matthew 15,New Testament (New International Version),,live.bible.is/ENGNIV/MAT/15,Religious,English
MAT-15-KJBSBG.txt,San Mateo 15,New Testament (1989 Kanjobal Edition),,live.bible.is/KJBSBG/MAT/15,Religious,Kanjobal
MAT-16-ENGNIV.txt,Matthew 16,New Testament (New International Version),,live.bible.is/ENGNIV/MAT/16,Religious,English
MAT-16-KJBSBG.txt,San Mateo 16,New Testament (1989 Kanjobal Edition),,live.bible.is/KJBSBG/MAT/16,Religious,Kanjobal
MAT-17-ENGNIV.txt,Matthew 17,New Testament (New International Version),,live.bible.is/ENGNIV/MAT/17,Religious,English
MAT-17-KJBSBG.txt,San Mateo 17,New Testament (1989 Kanjobal Edition),,live.bible.is/KJBSBG/MAT/17,Religious,Kanjobal
MAT-18-ENGNIV.txt,Matthew 18,New Testament (New International Version),,live.bible.is/ENGNIV/MAT/18,Religious,English
MAT-18-KJBSBG.txt,San Mateo 18,New Testament (1989 Kanjobal Edition),,live.bible.is/KJBSBG/MAT/18,Religious,Kanjobal
MAT-19-ENGNIV.txt,Matthew 19,New Testament (New International Version),,live.bible.is/ENGNIV/MAT/19,Religious,English
MAT-19-KJBSBG.txt,San Mateo 19,New Testament (1989 Kanjobal Edition),,live.bible.is/KJBSBG/MAT/19,Religious,Kanjobal
MAT-2-ENGNIV.txt,Matthew 2,New Testament (New International Version),,live.bible.is/ENGNIV/MAT/2,Religious,English
MAT-2-KJBSBG.txt,San Mateo 2,New Testament (1989 Kanjobal Edition),,live.bible.is/KJBSBG/MAT/2,Religious,Kanjobal
MAT-20-ENGNIV.txt,Matthew 20,New Testament (New International Version),,live.bible.is/ENGNIV/MAT/20,Religious,English
MAT-20-KJBSBG.txt,San Mateo 20,New Testament (1989 Kanjobal Edition),,live.bible.is/KJBSBG/MAT/20,Religious,Kanjobal
MAT-21-ENGNIV.txt,Matthew 21,New Testament (New International Version),,live.bible.is/ENGNIV/MAT/21,Religious,English
MAT-21-KJBSBG.txt,San Mateo 21,New Testament (1989 Kanjobal Edition),,live.bible.is/KJBSBG/MAT/21,Religious,Kanjobal
MAT-22-ENGNIV.txt,Matthew 22,New Testament (New International Version),,live.bible.is/ENGNIV/MAT/22,Religious,English
MAT-22-KJBSBG.txt,San Mateo 22,New Testament (1989 Kanjobal Edition),,live.bible.is/KJBSBG/MAT/22,Religious,Kanjobal
MAT-23-ENGNIV.txt,Matthew 23,New Testament (New International Version),,live.bible.is/ENGNIV/MAT/23,Religious,English
MAT-23-KJBSBG.txt,San Mateo 23,New Testament (1989 Kanjobal Edition),,live.bible.is/KJBSBG/MAT/23,Religious,Kanjobal
MAT-24-ENGNIV.txt,Matthew 24,New Testament (New International Version),,live.bible.is/ENGNIV/MAT/24,Religious,English
MAT-24-KJBSBG.txt,San Mateo 24,New Testament (1989 Kanjobal Edition),,live.bible.is/KJBSBG/MAT/24,Religious,Kanjobal
MAT-25-ENGNIV.txt,Matthew 25,New Testament (New International Version),,live.bible.is/ENGNIV/MAT/25,Religious,English
MAT-25-KJBSBG.txt,San Mateo 25,New Testament (1989 Kanjobal Edition),,live.bible.is/KJBSBG/MAT/25,Religious,Kanjobal
MAT-26-ENGNIV.txt,Matthew 26,New Testament (New International Version),,live.bible.is/ENGNIV/MAT/26,Religious,English
MAT-26-KJBSBG.txt,San Mateo 26,New Testament (1989 Kanjobal Edition),,live.bible.is/KJBSBG/MAT/26,Religious,Kanjobal
MAT-27-ENGNIV.txt,Matthew 27,New Testament (New International Version),,live.bible.is/ENGNIV/MAT/27,Religious,English
MAT-27-KJBSBG.txt,San Mateo 27,New Testament (1989 Kanjobal Edition),,live.bible.is/KJBSBG/MAT/27,Religious,Kanjobal
MAT-28-ENGNIV.txt,Matthew 28,New Testament (New International Version),,live.bible.is/ENGNIV/MAT/28,Religious,English
MAT-28-KJBSBG.txt,San Mateo 28,New Testament (1989 Kanjobal Edition),,live.bible.is/KJBSBG/MAT/28,Religious,Kanjobal
MAT-3-ENGNIV.txt,Matthew 3,New Testament (New International Version),,live.bible.is/ENGNIV/MAT/3,Religious,English
MAT-3-KJBSBG.txt,San Mateo 3,New Testament (1989 Kanjobal Edition),,live.bible.is/KJBSBG/MAT/3,Religious,Kanjobal
MAT-4-ENGNIV.txt,Matthew 4,New Testament (New International Version),,live.bible.is/ENGNIV/MAT/4,Religious,English
MAT-4-KJBSBG.txt,San Mateo 4,New Testament (1989 Kanjobal Edition),,live.bible.is/KJBSBG/MAT/4,Religious,Kanjobal
MAT-5-ENGNIV.txt,Matthew 5,New Testament (New International Version),,live.bible.is/ENGNIV/MAT/5,Religious,English
MAT-5-KJBSBG.txt,San Mateo 5,New Testament (1989 Kanjobal Edition),,live.bible.is/KJBSBG/MAT/5,Religious,Kanjobal
MAT-6-ENGNIV.txt,Matthew 6,New Testament (New International Version),,live.bible.is/ENGNIV/MAT/6,Religious,English
MAT-6-KJBSBG.txt,San Mateo 6,New Testament (1989 Kanjobal Edition),,live.bible.is/KJBSBG/MAT/6,Religious,Kanjobal
MAT-7-ENGNIV.txt,Matthew 7,New Testament (New International Version),,live.bible.is/ENGNIV/MAT/7,Religious,English
MAT-7-KJBSBG.txt,San Mateo 7,New Testament (1989 Kanjobal Edition),,live.bible.is/KJBSBG/MAT/7,Religious,Kanjobal
MAT-8-ENGNIV.txt,Matthew 8,New Testament (New International Version),,live.bible.is/ENGNIV/MAT/8,Religious,English
MAT-8-KJBSBG.txt,San Mateo 8,New Testament (1989 Kanjobal Edition),,live.bible.is/KJBSBG/MAT/8,Religious,Kanjobal
MAT-9-ENGNIV.txt,Matthew 9,New Testament (New International Version),,live.bible.is/ENGNIV/MAT/9,Religious,English
MAT-9-KJBSBG.txt,San Mateo 9,New Testament (1989 Kanjobal Edition),,live.bible.is/KJBSBG/MAT/9,Religious,Kanjobal
MRK-1-ENGNIV.txt,Mark 1,New Testament (New International Version),,live.bible.is/ENGNIV/MRK/1,Religious,English
MRK-1-KJBSBG.txt,San Marcos 1,New Testament (1989 Kanjobal Edition),,live.bible.is/KJBSBG/MRK/1,Religious,Kanjobal
MRK-10-ENGNIV.txt,Mark 10,New Testament (New International Version),,live.bible.is/ENGNIV/MRK/10,Religious,English
MRK-10-KJBSBG.txt,San Marcos 10,New Testament (1989 Kanjobal Edition),,live.bible.is/KJBSBG/MRK/10,Religious,Kanjobal
MRK-11-ENGNIV.txt,Mark 11,New Testament (New International Version),,live.bible.is/ENGNIV/MRK/11,Religious,English
MRK-11-KJBSBG.txt,San Marcos 11,New Testament (1989 Kanjobal Edition),,live.bible.is/KJBSBG/MRK/11,Religious,Kanjobal
MRK-12-ENGNIV.txt,Mark 12,New Testament (New International Version),,live.bible.is/ENGNIV/MRK/12,Religious,English
MRK-12-KJBSBG.txt,San Marcos 12,New Testament (1989 Kanjobal Edition),,live.bible.is/KJBSBG/MRK/12,Religious,Kanjobal
MRK-13-ENGNIV.txt,Mark 13,New Testament (New International Version),,live.bible.is/ENGNIV/MRK/13,Religious,English
MRK-13-KJBSBG.txt,San Marcos 13,New Testament (1989 Kanjobal Edition),,live.bible.is/KJBSBG/MRK/13,Religious,Kanjobal
MRK-14-ENGNIV.txt,Mark 14,New Testament (New International Version),,live.bible.is/ENGNIV/MRK/14,Religious,English
MRK-14-KJBSBG.txt,San Marcos 14,New Testament (1989 Kanjobal Edition),,live.bible.is/KJBSBG/MRK/14,Religious,Kanjobal
MRK-15-ENGNIV.txt,Mark 15,New Testament (New International Version),,live.bible.is/ENGNIV/MRK/15,Religious,English
MRK-15-KJBSBG.txt,San Marcos 15,New Testament (1989 Kanjobal Edition),,live.bible.is/KJBSBG/MRK/15,Religious,Kanjobal
MRK-16-ENGNIV.txt,Mark 16,New Testament (New International Version),,live.bible.is/ENGNIV/MRK/16,Religious,English
MRK-16-KJBSBG.txt,San Marcos 16,New Testament (1989 Kanjobal Edition),,live.bible.is/KJBSBG/MRK/16,Religious,Kanjobal
MRK-2-ENGNIV.txt,Mark 2,New Testament (New International Version),,live.bible.is/ENGNIV/MRK/2,Religious,English
MRK-2-KJBSBG.txt,San Marcos 2,New Testament (1989 Kanjobal Edition),,live.bible.is/KJBSBG/MRK/2,Religious,Kanjobal
MRK-3-ENGNIV.txt,Mark 3,New Testament (New International Version),,live.bible.is/ENGNIV/MRK/3,Religious,English
MRK-3-KJBSBG.txt,San Marcos 3,New Testament (1989 Kanjobal Edition),,live.bible.is/KJBSBG/MRK/3,Religious,Kanjobal
MRK-4-ENGNIV.txt,Mark 4,New Testament (New International Version),,live.bible.is/ENGNIV/MRK/4,Religious,English
MRK-4-KJBSBG.txt,San Marcos 4,New Testament (1989 Kanjobal Edition),,live.bible.is/KJBSBG/MRK/4,Religious,Kanjobal
MRK-5-ENGNIV.txt,Mark 5,New Testament (New International Version),,live.bible.is/ENGNIV/MRK/5,Religious,English
MRK-5-KJBSBG.txt,San Marcos 5,New Testament (1989 Kanjobal Edition),,live.bible.is/KJBSBG/MRK/5,Religious,Kanjobal
MRK-6-ENGNIV.txt,Mark 6,New Testament (New International Version),,live.bible.is/ENGNIV/MRK/6,Religious,English
MRK-6-KJBSBG.txt,San Marcos 6,New Testament (1989 Kanjobal Edition),,live.bible.is/KJBSBG/MRK/6,Religious,Kanjobal
MRK-7-ENGNIV.txt,Mark 7,New Testament (New International Version),,live.bible.is/ENGNIV/MRK/7,Religious,English
MRK-7-KJBSBG.txt,San Marcos 7,New Testament (1989 Kanjobal Edition),,live.bible.is/KJBSBG/MRK/7,Religious,Kanjobal
MRK-8-ENGNIV.txt,Mark 8,New Testament (New International Version),,live.bible.is/ENGNIV/MRK/8,Religious,English
MRK-8-KJBSBG.txt,San Marcos 8,New Testament (1989 Kanjobal Edition),,live.bible.is/KJBSBG/MRK/8,Religious,Kanjobal
MRK-9-ENGNIV.txt,Mark 9,New Testament (New International Version),,live.bible.is/ENGNIV/MRK/9,Religious,English
MRK-9-KJBSBG.txt,San Marcos 9,New Testament (1989 Kanjobal Edition),,live.bible.is/KJBSBG/MRK/9,Religious,Kanjobal
PHM-1-ENGNIV.txt,Philemon 1,New Testament (New International Version),,live.bible.is/ENGNIV/PHM/1,Religious,English
PHM-1-KJBSBG.txt,Filemon 1,New Testament (1989 Kanjobal Edition),,live.bible.is/KJBSBG/PHM/1,Religious,Kanjobal
PHP-1-ENGNIV.txt,Philippians 1,New Testament (New International Version),,live.bible.is/ENGNIV/PHP/1,Religious,English
PHP-1-KJBSBG.txt,Filipensis 1,New Testament (1989 Kanjobal Edition),,live.bible.is/KJBSBG/PHP/1,Religious,Kanjobal
PHP-2-ENGNIV.txt,Philippians 2,New Testament (New International Version),,live.bible.is/ENGNIV/PHP/2,Religious,English
PHP-2-KJBSBG.txt,Filipensis 2,New Testament (1989 Kanjobal Edition),,live.bible.is/KJBSBG/PHP/2,Religious,Kanjobal
PHP-3-ENGNIV.txt,Philippians 3,New Testament (New International Version),,live.bible.is/ENGNIV/PHP/3,Religious,English
PHP-3-KJBSBG.txt,Filipensis 3,New Testament (1989 Kanjobal Edition),,live.bible.is/KJBSBG/PHP/3,Religious,Kanjobal
PHP-4-ENGNIV.txt,Philippians 4,New Testament (New International Version),,live.bible.is/ENGNIV/PHP/4,Religious,English
PHP-4-KJBSBG.txt,Filipensis 4,New Testament (1989 Kanjobal Edition),,live.bible.is/KJBSBG/PHP/4,Religious,Kanjobal
REV-1-ENGNIV.txt,Revelation 1,New Testament (New International Version),,live.bible.is/ENGNIV/REV/1,Religious,English
REV-1-KJBSBG.txt,Apocalipsis 1,New Testament (1989 Kanjobal Edition),,live.bible.is/KJBSBG/REV/1,Religious,Kanjobal
REV-10-ENGNIV.txt,Revelation 10,New Testament (New International Version),,live.bible.is/ENGNIV/REV/10,Religious,English
REV-10-KJBSBG.txt,Apocalipsis 10,New Testament (1989 Kanjobal Edition),,live.bible.is/KJBSBG/REV/10,Religious,Kanjobal
REV-11-ENGNIV.txt,Revelation 11,New Testament (New International Version),,live.bible.is/ENGNIV/REV/11,Religious,English
REV-11-KJBSBG.txt,Apocalipsis 11,New Testament (1989 Kanjobal Edition),,live.bible.is/KJBSBG/REV/11,Religious,Kanjobal
REV-12-ENGNIV.txt,Revelation 12,New Testament (New International Version),,live.bible.is/ENGNIV/REV/12,Religious,English
REV-12-KJBSBG.txt,Apocalipsis 12,New Testament (1989 Kanjobal Edition),,live.bible.is/KJBSBG/REV/12,Religious,Kanjobal
REV-13-ENGNIV.txt,Revelation 13,New Testament (New International Version),,live.bible.is/ENGNIV/REV/13,Religious,English
REV-13-KJBSBG.txt,Apocalipsis 13,New Testament (1989 Kanjobal Edition),,live.bible.is/KJBSBG/REV/13,Religious,Kanjobal
REV-14-ENGNIV.txt,Revelation 14,New Testament (New International Version),,live.bible.is/ENGNIV/REV/14,Religious,English
REV-14-KJBSBG.txt,Apocalipsis 14,New Testament (1989 Kanjobal Edition),,live.bible.is/KJBSBG/REV/14,Religious,Kanjobal
REV-15-ENGNIV.txt,Revelation 15,New Testament (New International Version),,live.bible.is/ENGNIV/REV/15,Religious,English
REV-15-KJBSBG.txt,Apocalipsis 15,New Testament (1989 Kanjobal Edition),,live.bible.is/KJBSBG/REV/15,Religious,Kanjobal
REV-16-ENGNIV.txt,Revelation 16,New Testament (New International Version),,live.bible.is/ENGNIV/REV/16,Religious,English
REV-16-KJBSBG.txt,Apocalipsis 16,New Testament (1989 Kanjobal Edition),,live.bible.is/KJBSBG/REV/16,Religious,Kanjobal
REV-17-ENGNIV.txt,Revelation 17,New Testament (New International Version),,live.bible.is/ENGNIV/REV/17,Religious,English
REV-17-KJBSBG.txt,Apocalipsis 17,New Testament (1989 Kanjobal Edition),,live.bible.is/KJBSBG/REV/17,Religious,Kanjobal
REV-18-ENGNIV.txt,Revelation 18,New Testament (New International Version),,live.bible.is/ENGNIV/REV/18,Religious,English
REV-18-KJBSBG.txt,Apocalipsis 18,New Testament (1989 Kanjobal Edition),,live.bible.is/KJBSBG/REV/18,Religious,Kanjobal
REV-19-ENGNIV.txt,Revelation 19,New Testament (New International Version),,live.bible.is/ENGNIV/REV/19,Religious,English
REV-19-KJBSBG.txt,Apocalipsis 19,New Testament (1989 Kanjobal Edition),,live.bible.is/KJBSBG/REV/19,Religious,Kanjobal
REV-2-ENGNIV.txt,Revelation 2,New Testament (New International Version),,live.bible.is/ENGNIV/REV/2,Religious,English
REV-2-KJBSBG.txt,Apocalipsis 2,New Testament (1989 Kanjobal Edition),,live.bible.is/KJBSBG/REV/2,Religious,Kanjobal
REV-20-ENGNIV.txt,Revelation 20,New Testament (New International Version),,live.bible.is/ENGNIV/REV/20,Religious,English
REV-20-KJBSBG.txt,Apocalipsis 20,New Testament (1989 Kanjobal Edition),,live.bible.is/KJBSBG/REV/20,Religious,Kanjobal
REV-21-ENGNIV.txt,Revelation 21,New Testament (New International Version),,live.bible.is/ENGNIV/REV/21,Religious,English
REV-21-KJBSBG.txt,Apocalipsis 21,New Testament (1989 Kanjobal Edition),,live.bible.is/KJBSBG/REV/21,Religious,Kanjobal
REV-22-ENGNIV.txt,Revelation 22,New Testament (New International Version),,live.bible.is/ENGNIV/REV/22,Religious,English
REV-22-KJBSBG.txt,Apocalipsis 22,New Testament (1989 Kanjobal Edition),,live.bible.is/KJBSBG/REV/22,Religious,Kanjobal
REV-3-ENGNIV.txt,Revelation 3,New Testament (New International Version),,live.bible.is/ENGNIV/REV/3,Religious,English
REV-3-KJBSBG.txt,Apocalipsis 3,New Testament (1989 Kanjobal Edition),,live.bible.is/KJBSBG/REV/3,Religious,Kanjobal
REV-4-ENGNIV.txt,Revelation 4,New Testament (New International Version),,live.bible.is/ENGNIV/REV/4,Religious,English
REV-4-KJBSBG.txt,Apocalipsis 4,New Testament (1989 Kanjobal Edition),,live.bible.is/KJBSBG/REV/4,Religious,Kanjobal
REV-5-ENGNIV.txt,Revelation 5,New Testament (New International Version),,live.bible.is/ENGNIV/REV/5,Religious,English
REV-5-KJBSBG.txt,Apocalipsis 5,New Testament (1989 Kanjobal Edition),,live.bible.is/KJBSBG/REV/5,Religious,Kanjobal
REV-6-ENGNIV.txt,Revelation 6,New Testament (New International Version),,live.bible.is/ENGNIV/REV/6,Religious,English
REV-6-KJBSBG.txt,Apocalipsis 6,New Testament (1989 Kanjobal Edition),,live.bible.is/KJBSBG/REV/6,Religious,Kanjobal
REV-7-ENGNIV.txt,Revelation 7,New Testament (New International Version),,live.bible.is/ENGNIV/REV/7,Religious,English
REV-7-KJBSBG.txt,Apocalipsis 7,New Testament (1989 Kanjobal Edition),,live.bible.is/KJBSBG/REV/7,Religious,Kanjobal
REV-8-ENGNIV.txt,Revelation 8,New Testament (New International Version),,live.bible.is/ENGNIV/REV/8,Religious,English
REV-8-KJBSBG.txt,Apocalipsis 8,New Testament (1989 Kanjobal Edition),,live.bible.is/KJBSBG/REV/8,Religious,Kanjobal
REV-9-ENGNIV.txt,Revelation 9,New Testament (New International Version),,live.bible.is/ENGNIV/REV/9,Religious,English
REV-9-KJBSBG.txt,Apocalipsis 9,New Testament (1989 Kanjobal Edition),,live.bible.is/KJBSBG/REV/9,Religious,Kanjobal
ROM-1-ENGNIV.txt,Romans 1,New Testament (New International Version),,live.bible.is/ENGNIV/ROM/1,Religious,English
ROM-1-KJBSBG.txt,Romanos 1,New Testament (1989 Kanjobal Edition),,live.bible.is/KJBSBG/ROM/1,Religious,Kanjobal
ROM-10-ENGNIV.txt,Romans 10,New Testament (New International Version),,live.bible.is/ENGNIV/ROM/10,Religious,English
ROM-10-KJBSBG.txt,Romanos 10,New Testament (1989 Kanjobal Edition),,live.bible.is/KJBSBG/ROM/10,Religious,Kanjobal
ROM-2-ENGNIV.txt,Romans 2,New Testament (New International Version),,live.bible.is/ENGNIV/ROM/2,Religious,English
ROM-2-KJBSBG.txt,Romanos 2,New Testament (1989 Kanjobal Edition),,live.bible.is/KJBSBG/ROM/2,Religious,Kanjobal
ROM-3-ENGNIV.txt,Romans 3,New Testament (New International Version),,live.bible.is/ENGNIV/ROM/3,Religious,English
ROM-3-KJBSBG.txt,Romanos 3,New Testament (1989 Kanjobal Edition),,live.bible.is/KJBSBG/ROM/3,Religious,Kanjobal
ROM-4-ENGNIV.txt,Romans 4,New Testament (New International Version),,live.bible.is/ENGNIV/ROM/4,Religious,English
ROM-4-KJBSBG.txt,Romanos 4,New Testament (1989 Kanjobal Edition),,live.bible.is/KJBSBG/ROM/4,Religious,Kanjobal
ROM-5-ENGNIV.txt,Romans 5,New Testament (New International Version),,live.bible.is/ENGNIV/ROM/5,Religious,English
ROM-5-KJBSBG.txt,Romanos 5,New Testament (1989 Kanjobal Edition),,live.bible.is/KJBSBG/ROM/5,Religious,Kanjobal
ROM-6-ENGNIV.txt,Romans 6,New Testament (New International Version),,live.bible.is/ENGNIV/ROM/6,Religious,English
ROM-6-KJBSBG.txt,Romanos 6,New Testament (1989 Kanjobal Edition),,live.bible.is/KJBSBG/ROM/6,Religious,Kanjobal
ROM-7-ENGNIV.txt,Romans 7,New Testament (New International Version),,live.bible.is/ENGNIV/ROM/7,Religious,English
ROM-7-KJBSBG.txt,Romanos 7,New Testament (1989 Kanjobal Edition),,live.bible.is/KJBSBG/ROM/7,Religious,Kanjobal
ROM-8-ENGNIV.txt,Romans 8,New Testament (New International Version),,live.bible.is/ENGNIV/ROM/8,Religious,English
ROM-8-KJBSBG.txt,Romanos 8,New Testament (1989 Kanjobal Edition),,live.bible.is/KJBSBG/ROM/8,Religious,Kanjobal
ROM-9-ENGNIV.txt,Romans 9,New Testament (New International Version),,live.bible.is/ENGNIV/ROM/9,Religious,English
ROM-9-KJBSBG.txt,Romanos 9,New Testament (1989 Kanjobal Edition),,live.bible.is/KJBSBG/ROM/9,Religious,Kanjobal
TIT-1-ENGNIV.txt,Titus 1,New Testament (New International Version),,live.bible.is/ENGNIV/TIT/1,Religious,English
TIT-1-KJBSBG.txt,Tito 1,New Testament (1989 Kanjobal Edition),,live.bible.is/KJBSBG/TIT/1,Religious,Kanjobal
TIT-2-ENGNIV.txt,Titus 2,New Testament (New International Version),,live.bible.is/ENGNIV/TIT/2,Religious,English
TIT-2-KJBSBG.txt,Tito 2,New Testament (1989 Kanjobal Edition),,live.bible.is/KJBSBG/TIT/2,Religious,Kanjobal
TIT-3-ENGNIV.txt,Titus 3,New Testament (New International Version),,live.bible.is/ENGNIV/TIT/3,Religious,English
TIT-3-KJBSBG.txt,Tito 3,New Testament (1989 Kanjobal Edition),,live.bible.is/KJBSBG/TIT/3,Religious,Kanjobal
say-1-eng.txt,The Rabbit and the Coyote,Ikti yuu naj pel mekel ana,Pedro Miguel Say,,Narrative,English
say-1-kjb.txt,Naj Txitx yetoj naj Ooj,Ikti yuu naj pel mekel ana,Pedro Miguel Say,,Narrative,English
say-10-eng.txt,Pedro Rimares and the Pigs,Ikti yuu naj pel mekel ana,Pedro Miguel Say,,Narrative,English
say-10-kjb.txt,Pedro Rimares yetoj no' Txitam,Ikti yuu naj pel mekel ana,Pedro Miguel Say,,Narrative,English
say-11-eng.txt,Pedro Rimares and the Muleteers,Ikti yuu naj pel mekel ana,Pedro Miguel Say,,Narrative,English
say-11-kjb.txt,Pedro Rimares yetoj naj Ilom Chee,Ikti yuu naj pel mekel ana,Pedro Miguel Say,,Narrative,English
say-12-eng.txt,Pedro Rimares and the Flying Horse,Ikti yuu naj pel mekel ana,Pedro Miguel Say,,Narrative,English
say-12-kjb.txt,Pedro yetoj no' Chee chi ek' Satkan,Ikti yuu naj pel mekel ana,Pedro Miguel Say,,Narrative,English
say-2-eng.txt,The Rabbit and the Sheep,Ikti yuu naj pel mekel ana,Pedro Miguel Say,,Narrative,English
say-2-kjb.txt,Naj Txitx yetoj naj Me',Ikti yuu naj pel mekel ana,Pedro Miguel Say,,Narrative,English
say-3-eng.txt,The Rabbit and the Watermelon,Ikti yuu naj pel mekel ana,Pedro Miguel Say,,Narrative,English
say-3-kjb.txt,Naj Txitx yetoj an Sanda,Ikti yuu naj pel mekel ana,Pedro Miguel Say,,Narrative,English
say-5-eng.txt,The Rabbit and all the Animals,Ikti yuu naj pel mekel ana,Pedro Miguel Say,,Narrative,English
say-5-kjb.txt,Naj Txitx yetoj Maasanil wan Noq',Ikti yuu naj pel mekel ana,Pedro Miguel Say,,Narrative,English
say-6-eng.txt,The Jaguar and the Little Skunk,Ikti yuu naj pel mekel ana,Pedro Miguel Say,,Narrative,English
say-6-kjb.txt,Naj B'alam yetoj naj Yalixh Pay,Ikti yuu naj pel mekel ana,Pedro Miguel Say,,Narrative,English
say-7-eng.txt,The Crab and the Toad,Ikti yuu naj pel mekel ana,Pedro Miguel Say,,Narrative,English
say-7-kjb.txt,Naj Chap yetoj naj Pejey,Ikti yuu naj pel mekel ana,Pedro Miguel Say,,Narrative,English
say-8-eng.txt,Pedro Rimares and the Merchant,Ikti yuu naj pel mekel ana,Pedro Miguel Say,,Narrative,English
say-8-kjb.txt,Pedro Rimares yetoj naj Txonwom,Ikti yuu naj pel mekel ana,Pedro Miguel Say,,Narrative,English
say-9-eng.txt,Pedro Rimares and the Priest,Ikti yuu naj pel mekel ana,Pedro Miguel Say,,Narrative,English
say-9-kjb.txt,Naj Pedro yetoj naj Pale,Ikti yuu naj pel mekel ana,Pedro Miguel Say,,Narrative,English
